RESPID,GENDER,AGE,WORKING,REGION,comments
36927,Female,60,Other,South,Music is important to me but not necessarily more important
3566,Female,36,Full-time housewife / househusband,South,Music is important to me but not necessarily more important
20054,Female,52,Employed 30+ hours a week,Midlands,I like music but it does not feature heavily in my life
41749,Female,40,Employed 8-29 hours per week,South,Music means a lot to me and is a passion of mine
23108,Female,16,Full-time student,North,Music means a lot to me and is a passion of mine
42754,Male,20,Temporarily unemployed,Midlands,Music means a lot to me and is a passion of mine
4596,Female,58,Retired from full-time employment (30+ hours per week),North,I like music but it does not feature heavily in my life
40555,Female,50,Employed 30+ hours a week,Midlands,Music is important to me but not necessarily more important
8673,Female,45,,Centre,I like music but it does not feature heavily in my life
5195,Male,41,Employed 30+ hours a week,South,Music is important to me but not necessarily more important
33301,Female,21,Full-time student,South,Music is important to me but not necessarily more important
30264,Male,56,Temporarily unemployed,North,I like music but it does not feature heavily in my life
18020,Male,57,Temporarily unemployed,North,Music has no particular interest for me
24241,Female,31,Temporarily unemployed,North,Music is important to me but not necessarily more important than other hobbies or interests
41557,Female,20,Full-time student,North,Music means a lot to me and is a passion of mine
2314,Female,32,Full-time housewife / househusband,Midlands,Music is important to me but not necessarily more important
20646,Male,,Temporarily unemployed,Midlands,Music means a lot to me and is a passion of mine
672,Male,35,,North,Music is important to me but not necessarily more important
23151,Female,65,Retired from full-time employment (30+ hours per week),Midlands,Music is important to me but not necessarily more important than other hobbies or interests
47285,Male,43,,Centre,I like music but it does not feature heavily in my life
1596,Female,41,,North,Music is important to me but not necessarily more important
3975,Male,41,Employed 30+ hours a week,North,I like music but it does not feature heavily in my life
27163,Male,45,Employed 30+ hours a week,Midlands,Music is important to me but not necessarily more important
33041,Female,28,,,Music is important to me but not necessarily more important
13487,Male,34,Employed 30+ hours a week,Midlands,Music is no longer as important as it used to be to me
14286,Female,46,,South,Music is important to me but not necessarily more important
11495,Female,52,Employed 30+ hours a week,North,Music is important to me but not necessarily more important
14632,Female,49,,North,I like music but it does not feature heavily in my life
24444,Female,23,Employed 8-29 hours per week,North,Music means a lot to me and is a passion of mine
40602,Male,,Employed 30+ hours a week,Midlands,I like music but it does not feature heavily in my life
8302,Male,50,,North,Music is important to me but not necessarily more important
25613,Female,24,Employed 30+ hours a week,North,Music is important to me but not necessarily more important
20661,Female,21,Employed 30+ hours a week,Midlands,I like music but it does not feature heavily in my life
20209,Female,47,Employed 30+ hours a week,North,Music is important to me but not necessarily more important
23372,Female,20,Full-time student,Midlands,Music means a lot to me and is a passion of mine
46258,Male,46,,South,Music is important to me but not necessarily more important
8247,Male,52,,South,Music is important to me but not necessarily more important
17726,Female,18,Full-time student,South,Music means a lot to me and is a passion of mine
18379,Female,61,Retired from full-time employment (30+ hours per week),North,Music is no longer as important as it used to be to me
33999,Female,57,Self-employed,North,Music is important to me but not necessarily more important
8084,Male,61,,South,I like music but it does not feature heavily in my life
43228,Female,40,Employed 30+ hours a week,North,Music is important to me but not necessarily more important
38721,Female,60,Other,South,Music means a lot to me and is a passion of mine
4676,Male,22,Employed 8-29 hours per week,Midlands,Music means a lot to me and is a passion of mine
910,Female,56,,South,Music is important to me but not necessarily more important
34259,Female,30,Employed 30+ hours a week,Midlands,Music is important to me but not necessarily more important
14096,Female,21,,Midlands,Music means a lot to me and is a passion of mine
10576,Male,64,,North,Music is important to me but not necessarily more important
10852,Male,33,,North,I like music but it does not feature heavily in my life
31731,Male,60,Employed 30+ hours a week,South,Music is important to me but not necessarily more important than other hobbies or interests
33566,Male,22,Full-time student,Midlands,Music is important to me but not necessarily more important
33302,Female,19,Full-time student,North,Music is important to me but not necessarily more important
28634,Female,60,Employed 30+ hours a week,North,Music is important to me but not necessarily more important than other hobbies or interests
43402,Female,77,Retired from self-employment,North,Music is important to me but not necessarily more important
46768,Male,52,,Centre,Music means a lot to me and is a passion of mine
21142,Female,47,Employed 8-29 hours per week,Midlands,Music means a lot to me and is a passion of mine
8553,Female,62,,South,Music is important to me but not necessarily more important
34999,Male,32,Employed 30+ hours a week,North,Music means a lot to me and is a passion of mine
26980,Female,46,Employed 30+ hours a week,Midlands,Music is important to me but not necessarily more important
2422,Female,55,Full-time housewife / househusband,Midlands,Music is important to me but not necessarily more important
36339,Male,61,Self-employed,Midlands,Music means a lot to me and is a passion of mine
6534,Male,49,,Centre,Music means a lot to me and is a passion of mine
44638,Male,42,Employed 30+ hours a week,Midlands,Music is important to me but not necessarily more important
46502,Female,54,,South,Music means a lot to me and is a passion of mine
20328,Female,60,Retired from full-time employment (30+ hours per week),Midlands,Music is important to me but not necessarily more important
42023,Male,64,Retired from full-time employment (30+ hours per week),Midlands,Music means a lot to me and is a passion of mine
37654,Female,44,Employed 30+ hours a week,South,Music is important to me but not necessarily more important
10639,Female,47,,North,I like music but it does not feature heavily in my life
5497,Female,59,Self-employed,North,Music means a lot to me and is a passion of mine
38548,Male,68,Retired from full-time employment (30+ hours per week),South,Music is no longer as important as it used to be to me
38685,Male,48,Employed 30+ hours a week,Midlands,Music means a lot to me and is a passion of mine
34602,Female,42,Employed 30+ hours a week,South,Music is important to me but not necessarily more important
13946,Male,13,,South,I like music but it does not feature heavily in my life
21046,Female,38,Other,North,Music means a lot to me and is a passion of mine
7384,Female,28,,Centre,Music is important to me but not necessarily more important
43903,Male,43,Other,Midlands,I like music but it does not feature heavily in my life
3794,Male,24,Employed 30+ hours a week,South,Music is important to me but not necessarily more important
40068,Female,44,Employed 8-29 hours per week,North,Music is important to me but not necessarily more important
33064,Male,31,,,Music is important to me but not necessarily more important
31893,Female,17,Full-time student,North,Music is important to me but not necessarily more important than other hobbies or interests
14833,Male,62,,North,I like music but it does not feature heavily in my life
26971,Male,36,Employed 30+ hours a week,Midlands,Music has no particular interest for me
33904,Female,54,Employed 30+ hours a week,South,Music means a lot to me and is a passion of mine
35351,Female,59,Self-employed,South,I like music but it does not feature heavily in my life
28313,Female,26,Temporarily unemployed,South,Music is important to me but not necessarily more important than other hobbies or interests
28085,Female,48,Employed 30+ hours a week,North,Music is important to me but not necessarily more important than other hobbies or interests
13476,Female,56,Employed 30+ hours a week,South,I like music but it does not feature heavily in my life
34636,Female,36,Employed 8-29 hours per week,South,I like music but it does not feature heavily in my life
42796,Female,15,Full-time student,North,Music means a lot to me and is a passion of mine
27545,Female,27,Employed 8-29 hours per week,North,I like music but it does not feature heavily in my life
7841,Male,45,,North,Music has no particular interest for me
4203,Female,,Prefer not to state,North,Music is no longer as important as it used to be to me
29687,Female,66,Retired from full-time employment (30+ hours per week),Midlands,I like music but it does not feature heavily in my life
30797,Male,40,Employed 30+ hours a week,North,Music is important to me but not necessarily more important than other hobbies or interests
30956,Male,20,Employed 30+ hours a week,South,Music means a lot to me and is a passion of mine
49851,Female,46,Employed 30+ hours a week,North,I like music but it does not feature heavily in my life
8757,Female,55,,Centre,Music is important to me but not necessarily more important
26156,Female,54,Employed 30+ hours a week,South,Music is important to me but not necessarily more important
48002,Female,48,Employed 30+ hours a week,Midlands,Music is important to me but not necessarily more important
43417,Male,17,Full-time student,South,Music means a lot to me and is a passion of mine
12670,Male,56,Retired from full-time employment (30+ hours per week),North,I like music but it does not feature heavily in my life
3449,Male,40,Employed 30+ hours a week,North,Music is important to me but not necessarily more important
37092,Female,45,Employed 30+ hours a week,North,Music is important to me but not necessarily more important
9528,Male,32,,South,I like music but it does not feature heavily in my life
47101,Male,31,,Centre,Music is important to me but not necessarily more important
38277,Male,26,Employed 30+ hours a week,Midlands,Music means a lot to me and is a passion of mine
30296,Female,43,Full-time housewife / househusband,North,Music is important to me but not necessarily more important than other hobbies or interests
30949,Male,13,Full-time student,North,I like music but it does not feature heavily in my life
8282,Male,46,,North,Music is important to me but not necessarily more important
31936,Female,53,Employed 30+ hours a week,North,Music means a lot to me and is a passion of mine
10658,Male,47,,South,Music is important to me but not necessarily more important
41163,Female,13,Employed 8-29 hours per week,Midlands,Music means a lot to me and is a passion of mine
5614,Male,66,,North,I like music but it does not feature heavily in my life
26129,Female,37,Employed 30+ hours a week,North,I like music but it does not feature heavily in my life
10924,Female,36,,Centre,Music is important to me but not necessarily more important
47663,Female,14,Full-time student,South,Music is important to me but not necessarily more important
1506,Female,37,,Centre,Music is important to me but not necessarily more important
36884,Female,61,Retired from full-time employment (30+ hours per week),Midlands,Music is no longer as important as it used to be to me
44268,Female,44,Employed 8-29 hours per week,North,I like music but it does not feature heavily in my life
19714,Male,30,Employed 30+ hours a week,South,Music is important to me but not necessarily more important
23207,Female,23,Employed 8-29 hours per week,North,Music means a lot to me and is a passion of mine
43296,Male,37,Temporarily unemployed,North,Music is important to me but not necessarily more important
33964,Female,24,Full-time housewife / househusband,North,Music means a lot to me and is a passion of mine
25245,Male,36,Employed 30+ hours a week,Midlands,Music has no particular interest for me
7687,Female,70,,Centre,I like music but it does not feature heavily in my life
46516,Female,36,,South,I like music but it does not feature heavily in my life
9898,Male,41,,South,Music is important to me but not necessarily more important
15966,Female,46,,Midlands,I like music but it does not feature heavily in my life
35991,Male,34,Employed 30+ hours a week,Midlands,Music means a lot to me and is a passion of mine
44523,Female,36,Employed 30+ hours a week,North,Music means a lot to me and is a passion of mine
47422,Female,20,Full-time student,Midlands,Music means a lot to me and is a passion of mine
49945,Male,45,Employed 8-29 hours per week,Midlands,Music means a lot to me and is a passion of mine
19530,Male,14,Full-time student,South,Music is important to me but not necessarily more important
40708,Male,35,Employed 30+ hours a week,Midlands,Music is important to me but not necessarily more important
29207,Female,53,Employed 8-29 hours per week,South,Music means a lot to me and is a passion of mine
15204,Female,61,,South,I like music but it does not feature heavily in my life
49633,Male,63,Retired from full-time employment (30+ hours per week),Midlands,Music means a lot to me and is a passion of mine
47094,Female,26,,South,Music is important to me but not necessarily more important
20994,Female,28,Employed 30+ hours a week,North,Music is important to me but not necessarily more important
50299,Male,28,Temporarily unemployed,North,Music means a lot to me and is a passion of mine
5774,Female,19,,South,Music means a lot to me and is a passion of mine
48176,Female,50,Employed 8-29 hours per week,South,Music means a lot to me and is a passion of mine
32110,Male,51,Part-time student,North,Music is important to me but not necessarily more important than other hobbies or interests
42645,Male,31,Full-time housewife / househusband,North,I like music but it does not feature heavily in my life
33984,Female,54,Employed 30+ hours a week,South,I like music but it does not feature heavily in my life
36238,Male,13,Full-time student,North,I like music but it does not feature heavily in my life
2225,Male,64,Retired from full-time employment (30+ hours per week),South,Music means a lot to me and is a passion of mine
25483,Female,66,Retired from self-employment,Midlands,Music is important to me but not necessarily more important
24264,Female,69,Retired from full-time employment (30+ hours per week),North,Music is important to me but not necessarily more important than other hobbies or interests
50446,Male,15,Full-time student,South,Music is important to me but not necessarily more important
14471,Male,35,,North,Music is important to me but not necessarily more important
7163,Female,62,,South,Music is important to me but not necessarily more important
41763,Male,53,In unpaid employment (e.g. voluntary work),North,I like music but it does not feature heavily in my life
7136,Female,33,,Centre,Music means a lot to me and is a passion of mine
22992,Male,42,Prefer not to state,Midlands,Music means a lot to me and is a passion of mine
49281,Male,19,Full-time student,South,Music is important to me but not necessarily more important
30661,Female,37,Employed 8-29 hours per week,North,Music means a lot to me and is a passion of mine
24274,Male,14,Other,South,Music means a lot to me and is a passion of mine
41164,Male,20,Employed 30+ hours a week,North,I like music but it does not feature heavily in my life
46966,Female,46,,South,Music is important to me but not necessarily more important
36710,Male,33,Employed 30+ hours a week,North,Music is important to me but not necessarily more important
16168,Male,38,,Midlands,Music is important to me but not necessarily more important
8610,Male,40,,North,Music is important to me but not necessarily more important
46217,Male,51,,North,Music means a lot to me and is a passion of mine
28672,Male,35,Employed 30+ hours a week,South,I like music but it does not feature heavily in my life
20172,Female,27,Employed 30+ hours a week,Midlands,I like music but it does not feature heavily in my life
38962,Male,19,Full-time student,North,Music means a lot to me and is a passion of mine
42589,Female,37,Employed 8-29 hours per week,Midlands,Music is important to me but not necessarily more important
22277,Male,60,Retired from full-time employment (30+ hours per week),North,I like music but it does not feature heavily in my life
47289,Male,41,,Centre,I like music but it does not feature heavily in my life
1810,Male,73,Retired from full-time employment (30+ hours per week),North,Music is important to me but not necessarily more important
43521,Female,69,Full-time housewife / househusband,Midlands,Music is no longer as important as it used to be to me
42767,Male,21,Full-time student,North,Music is important to me but not necessarily more important
37054,Female,32,Employed 30+ hours a week,Northern Ireland,Music is important to me but not necessarily more important
19779,Female,54,Temporarily unemployed,South,I like music but it does not feature heavily in my life
43716,Female,49,Employed 8-29 hours per week,North,Music is important to me but not necessarily more important
39639,Female,61,Retired from full-time employment (30+ hours per week),Midlands,Music is important to me but not necessarily more important
11581,Male,39,Employed 30+ hours a week,South,I like music but it does not feature heavily in my life
2977,Male,54,Self-employed,Midlands,Music is important to me but not necessarily more important
30060,Male,61,Retired from full-time employment (30+ hours per week),South,Music is important to me but not necessarily more important than other hobbies or interests
46814,Male,42,,Centre,Music is important to me but not necessarily more important
43220,Female,32,Employed 30+ hours a week,Midlands,Music is important to me but not necessarily more important
4689,Male,20,Full-time student,Northern Ireland,Music means a lot to me and is a passion of mine
1422,Female,48,,Centre,Music is important to me but not necessarily more important
12071,Male,26,Employed 30+ hours a week,Midlands,Music is important to me but not necessarily more important
47093,Male,30,,Centre,Music is important to me but not necessarily more important
29154,Male,45,Temporarily unemployed,North,Music means a lot to me and is a passion of mine
20363,Male,34,Employed 30+ hours a week,North,Music is important to me but not necessarily more important
41558,Female,35,Employed 30+ hours a week,North,Music is important to me but not necessarily more important
7027,Female,49,,Centre,Music is important to me but not necessarily more important
49745,Male,28,Employed 30+ hours a week,Midlands,Music means a lot to me and is a passion of mine
43140,Female,31,Full-time housewife / househusband,North,I like music but it does not feature heavily in my life
28441,Female,19,Full-time student,North,Music is important to me but not necessarily more important than other hobbies or interests
2173,Female,15,Full-time student,Midlands,Music is important to me but not necessarily more important
44862,Female,32,In unpaid employment (e.g. voluntary work),Midlands,Music means a lot to me and is a passion of mine
44402,Female,27,Employed 30+ hours a week,Midlands,Music is important to me but not necessarily more important
17113,Male,35,Employed 30+ hours a week,South,Music is important to me but not necessarily more important
45001,Female,46,Employed 8-29 hours per week,Midlands,Music is important to me but not necessarily more important
9694,Male,17,,North,Music is important to me but not necessarily more important
24146,Female,35,Self-employed,North,Music is important to me but not necessarily more important than other hobbies or interests
32337,Female,26,,,Music means a lot to me and is a passion of mine
47189,Female,24,,North,Music means a lot to me and is a passion of mine
40462,Male,16,Full-time student,South,I like music but it does not feature heavily in my life
18731,Male,28,Employed 30+ hours a week,South,Music means a lot to me and is a passion of mine
13754,Male,66,,South,Music is important to me but not necessarily more important
34116,Female,46,Full-time housewife / househusband,South,I like music but it does not feature heavily in my life
38925,Male,15,Full-time student,Midlands,Music means a lot to me and is a passion of mine
12083,Female,64,Employed 30+ hours a week,South,Music means a lot to me and is a passion of mine
16599,Male,40,,Midlands,I like music but it does not feature heavily in my life
41599,Female,47,Self-employed,North,I like music but it does not feature heavily in my life
17008,Female,20,Full-time housewife / househusband,South,I like music but it does not feature heavily in my life
43350,Female,41,Employed 8-29 hours per week,Midlands,Music is important to me but not necessarily more important
10389,Male,23,,Centre,Music means a lot to me and is a passion of mine
22130,Female,,Full-time housewife / househusband,South,I like music but it does not feature heavily in my life
21860,Male,34,Self-employed,Northern Ireland,I like music but it does not feature heavily in my life
33128,Male,85,,,I like music but it does not feature heavily in my life
50676,Male,48,Employed 30+ hours a week,South,Music is important to me but not necessarily more important
19047,Male,63,Retired from full-time employment (30+ hours per week),North,Music is important to me but not necessarily more important
5764,Female,75,,North,I like music but it does not feature heavily in my life
5437,Female,49,Employed 8-29 hours per week,South,Music means a lot to me and is a passion of mine
14671,Female,24,,South,Music is important to me but not necessarily more important
7598,Female,,,South,I like music but it does not feature heavily in my life
14781,Female,56,,South,Music is important to me but not necessarily more important
23961,Female,47,Employed 30+ hours a week,Northern Ireland,Music means a lot to me and is a passion of mine
29961,Female,58,Retired from full-time employment (30+ hours per week),South,Music is no longer as important as it used to be to me
27405,Female,63,Retired from full-time employment (30+ hours per week),South,I like music but it does not feature heavily in my life
16039,Male,36,,North,Music means a lot to me and is a passion of mine
7740,Female,17,,South,Music is important to me but not necessarily more important
17071,Female,36,Employed 30+ hours a week,South,Music is important to me but not necessarily more important
50509,Male,21,Employed 30+ hours a week,South,I like music but it does not feature heavily in my life
38089,Male,31,Employed 8-29 hours per week,Midlands,Music means a lot to me and is a passion of mine
11625,Male,45,Employed 30+ hours a week,South,I like music but it does not feature heavily in my life
26253,Female,20,Full-time student,South,Music is important to me but not necessarily more important
31968,Male,54,Self-employed,South,Music is important to me but not necessarily more important than other hobbies or interests
48025,Male,26,Employed 30+ hours a week,North,Music means a lot to me and is a passion of mine
924,Female,61,,Centre,Music is important to me but not necessarily more important
8246,Male,54,,North,Music means a lot to me and is a passion of mine
8020,Male,50,,South,Music means a lot to me and is a passion of mine
25503,Female,68,Retired from full-time employment (30+ hours per week),Midlands,Music is important to me but not necessarily more important
8968,Female,22,,South,Music means a lot to me and is a passion of mine
41055,Female,77,Retired from full-time employment (30+ hours per week),South,Music is important to me but not necessarily more important
14749,Male,54,,North,I like music but it does not feature heavily in my life
8371,Male,41,,South,Music is important to me but not necessarily more important
7672,Male,13,,North,Music is important to me but not necessarily more important
8706,Female,37,,North,Music means a lot to me and is a passion of mine
4521,Female,42,Employed 30+ hours a week,South,Music is important to me but not necessarily more important
31288,Female,25,Full-time student,North,I like music but it does not feature heavily in my life
41570,Female,61,Employed part-time less than 8 hours per week,Midlands,Music is important to me but not necessarily more important
13885,Female,71,,North,I like music but it does not feature heavily in my life
10902,Female,44,,North Ireland,Music is important to me but not necessarily more important
481,Female,54,,South,Music is important to me but not necessarily more important
18730,Male,43,Employed 30+ hours a week,Midlands,Music is important to me but not necessarily more important
50832,Female,28,Employed 30+ hours a week,Midlands,Music is important to me but not necessarily more important
37552,Female,44,Employed 8-29 hours per week,South,Music is important to me but not necessarily more important
25958,Female,39,Employed 30+ hours a week,South,I like music but it does not feature heavily in my life
43219,Male,34,Temporarily unemployed,North,Music means a lot to me and is a passion of mine
25646,Male,15,Full-time student,South,Music means a lot to me and is a passion of mine
2058,Male,14,Full-time student,Midlands,Music is important to me but not necessarily more important
5917,Male,22,,North,Music is important to me but not necessarily more important
13720,Male,65,,South,Music is important to me but not necessarily more important
39583,Male,27,Employed 30+ hours a week,North,Music is important to me but not necessarily more important
30965,Male,14,Full-time student,South,I like music but it does not feature heavily in my life
46651,Female,22,,South,Music is important to me but not necessarily more important
5720,Male,72,,South,I like music but it does not feature heavily in my life
36576,Male,18,Other,North,Music means a lot to me and is a passion of mine
7364,Female,47,,Centre,Music means a lot to me and is a passion of mine
7061,Female,45,,Centre,Music means a lot to me and is a passion of mine
20156,Male,42,Employed 30+ hours a week,South,Music is important to me but not necessarily more important
30882,Male,26,Employed 30+ hours a week,North,I like music but it does not feature heavily in my life
8408,Male,51,,South,Music is important to me but not necessarily more important
17803,Male,54,Employed 30+ hours a week,Midlands,Music is important to me but not necessarily more important
742,Male,16,,South,I like music but it does not feature heavily in my life
13113,Female,15,Full-time student,Midlands,I like music but it does not feature heavily in my life
7338,Female,48,,Centre,Music means a lot to me and is a passion of mine
12832,Male,21,Full-time student,Midlands,I like music but it does not feature heavily in my life
36883,Female,13,Full-time student,South,Music has no particular interest for me
29332,Female,54,Employed 8-29 hours per week,North,I like music but it does not feature heavily in my life
47948,Female,19,Full-time student,Midlands,Music means a lot to me and is a passion of mine
38934,Male,41,Other,Midlands,Music is important to me but not necessarily more important
37021,Male,37,Employed 30+ hours a week,South,Music is no longer as important as it used to be to me
22641,Male,50,Employed 30+ hours a week,Midlands,Music means a lot to me and is a passion of mine
32694,Female,38,,,I like music but it does not feature heavily in my life
19932,Male,50,Other,Midlands,I like music but it does not feature heavily in my life
42992,Male,52,Self-employed,South,Music is important to me but not necessarily more important
12789,Female,32,Self-employed,Midlands,Music is important to me but not necessarily more important
18706,Female,60,Employed 30+ hours a week,South,Music is important to me but not necessarily more important
33137,Female,22,,,Music is important to me but not necessarily more important
11924,Female,31,Employed 8-29 hours per week,South,Music is important to me but not necessarily more important
46923,Male,40,,North,Music is important to me but not necessarily more important
7330,Female,53,,North,I like music but it does not feature heavily in my life
8546,Female,52,,North,Music is important to me but not necessarily more important
9883,Male,58,,South,Music means a lot to me and is a passion of mine
16256,Female,38,,South,Music means a lot to me and is a passion of mine
6587,Male,64,,Centre,I like music but it does not feature heavily in my life
48662,Female,52,Employed 8-29 hours per week,Midlands,Music means a lot to me and is a passion of mine
12110,Female,31,Full-time housewife / househusband,Midlands,Music means a lot to me and is a passion of mine
18292,Male,55,Employed 30+ hours a week,South,Music means a lot to me and is a passion of mine
40353,Male,40,Employed 30+ hours a week,North,Music is important to me but not necessarily more important
31664,Female,41,Employed 30+ hours a week,Midlands,Music is important to me but not necessarily more important than other hobbies or interests
40668,Female,29,Employed 30+ hours a week,Midlands,Music means a lot to me and is a passion of mine
46070,Male,58,,North,Music means a lot to me and is a passion of mine
12954,Male,13,Full-time student,South,Music is important to me but not necessarily more important
15378,Female,29,,South,I like music but it does not feature heavily in my life
19665,Female,,Employed 30+ hours a week,North,Music means a lot to me and is a passion of mine
44685,Male,41,Employed 30+ hours a week,Midlands,Music means a lot to me and is a passion of mine
34780,Female,52,Employed 30+ hours a week,South,I like music but it does not feature heavily in my life
12995,Female,14,Full-time student,North,Music is important to me but not necessarily more important
20479,Female,18,Full-time student,South,Music is important to me but not necessarily more important
35114,Female,24,Employed 8-29 hours per week,North,Music means a lot to me and is a passion of mine
4059,Male,15,Temporarily unemployed,South,Music means a lot to me and is a passion of mine
11245,Female,14,Full-time student,North,Music means a lot to me and is a passion of mine
32832,Female,28,,,I like music but it does not feature heavily in my life
14462,Female,46,,South,I like music but it does not feature heavily in my life
6740,Female,47,,Centre,I like music but it does not feature heavily in my life
7811,Female,18,,South,Music means a lot to me and is a passion of mine
8192,Female,27,,North,Music is important to me but not necessarily more important
23084,Female,15,Full-time student,Northern Ireland,Music means a lot to me and is a passion of mine
38007,Male,26,Employed 30+ hours a week,Midlands,Music means a lot to me and is a passion of mine
24396,Male,14,Employed 30+ hours a week,North,Music means a lot to me and is a passion of mine
35636,Female,36,Employed 30+ hours a week,North,Music is important to me but not necessarily more important
16107,Male,62,,Midlands,Music is no longer as important as it used to be to me
40146,Female,20,Employed 8-29 hours per week,Midlands,Music is important to me but not necessarily more important
19186,Male,34,Employed 30+ hours a week,Midlands,Music is important to me but not necessarily more important
31519,Female,41,Employed 30+ hours a week,North,I like music but it does not feature heavily in my life
42362,Female,39,Self-employed,South,Music means a lot to me and is a passion of mine
22426,Female,42,Employed 8-29 hours per week,South,Music means a lot to me and is a passion of mine
48751,Male,52,Retired from full-time employment (30+ hours per week),Midlands,Music means a lot to me and is a passion of mine
30792,Male,33,Employed 30+ hours a week,North,Music is important to me but not necessarily more important than other hobbies or interests
43326,Male,13,Full-time student,Northern Ireland,Music has no particular interest for me
36762,Female,61,Employed 8-29 hours per week,North,Music is important to me but not necessarily more important
20466,Male,58,Employed 8-29 hours per week,North,I like music but it does not feature heavily in my life
47835,Female,52,Full-time housewife / househusband,North,Music is important to me but not necessarily more important
14836,Male,58,,North,I like music but it does not feature heavily in my life
5503,Male,44,Employed 8-29 hours per week,South,Music means a lot to me and is a passion of mine
26257,Female,33,Temporarily unemployed,North,Music is important to me but not necessarily more important
5577,Male,31,Employed 30+ hours a week,South,Music means a lot to me and is a passion of mine
49999,Female,42,Employed 30+ hours a week,North,Music is important to me but not necessarily more important
45627,Male,14,,Centre,Music is important to me but not necessarily more important
40535,Female,57,Retired from full-time employment (30+ hours per week),Midlands,Music is important to me but not necessarily more important
49094,Male,25,Full-time student,Midlands,I like music but it does not feature heavily in my life
33690,Female,22,Full-time student,Midlands,Music means a lot to me and is a passion of mine
27283,Female,63,Self-employed,South,I like music but it does not feature heavily in my life
44391,Male,29,Employed 30+ hours a week,South,I like music but it does not feature heavily in my life
9102,Male,57,,South,Music has no particular interest for me
42077,Female,35,Employed 30+ hours a week,North,I like music but it does not feature heavily in my life
46682,Female,61,,North,I like music but it does not feature heavily in my life
47766,Male,54,Employed 30+ hours a week,South,Music is important to me but not necessarily more important
7236,Male,36,,North,Music means a lot to me and is a passion of mine
17691,Male,27,Full-time student,South,Music means a lot to me and is a passion of mine
7439,Female,68,,South,I like music but it does not feature heavily in my life
38273,Male,37,Employed 30+ hours a week,Midlands,I like music but it does not feature heavily in my life
30520,Male,24,Employed 30+ hours a week,Midlands,Music means a lot to me and is a passion of mine
28310,Male,57,Temporarily unemployed,North,Music means a lot to me and is a passion of mine
46709,Male,38,,North,Music is important to me but not necessarily more important
19109,Male,38,Employed 30+ hours a week,Midlands,I like music but it does not feature heavily in my life
18235,Female,38,Employed part-time less than 8 hours per week,South,I like music but it does not feature heavily in my life
11203,Male,14,Full-time student,North,Music means a lot to me and is a passion of mine
8464,Male,42,,North,Music is no longer as important as it used to be to me
24015,Male,45,Employed 30+ hours a week,South,I like music but it does not feature heavily in my life
33882,Female,26,Employed 30+ hours a week,Midlands,Music is important to me but not necessarily more important
12016,Male,58,Employed 30+ hours a week,South,I like music but it does not feature heavily in my life
50553,Female,53,Employed 30+ hours a week,Midlands,Music is important to me but not necessarily more important
49223,Female,69,Retired from full-time employment (30+ hours per week),North,Music is important to me but not necessarily more important
525,Female,59,,Centre,Music means a lot to me and is a passion of mine
13772,Male,66,,South,Music is important to me but not necessarily more important
14024,Male,18,,South,Music means a lot to me and is a passion of mine
44272,Female,42,Full-time housewife / househusband,Midlands,Music has no particular interest for me
21484,Male,57,Employed 30+ hours a week,South,Music is important to me but not necessarily more important than other hobbies or interests
3186,Female,37,Self-employed,North,Music means a lot to me and is a passion of mine
41213,Male,59,Self-employed,South,Music is no longer as important as it used to be to me
12543,Male,39,Employed 30+ hours a week,Midlands,Music is important to me but not necessarily more important
1509,Female,49,,Centre,Music is important to me but not necessarily more important
1875,Female,65,Self-employed,Midlands,I like music but it does not feature heavily in my life
22501,Male,55,Self-employed,North,Music has no particular interest for me
1952,Male,13,Full-time student,Midlands,I like music but it does not feature heavily in my life
8185,Male,47,,South,I like music but it does not feature heavily in my life
20018,Female,57,Employed 8-29 hours per week,North,Music is important to me but not necessarily more important
23708,Male,43,Self-employed,North,Music is no longer as important as it used to be to me
29939,Male,18,Full-time student,South,Music means a lot to me and is a passion of mine
33829,Female,55,Employed 30+ hours a week,South,I like music but it does not feature heavily in my life
32300,Female,20,,,Music is no longer as important as it used to be to me
45807,Male,13,,South,I like music but it does not feature heavily in my life
44378,Male,54,Employed 30+ hours a week,South,Music is no longer as important as it used to be to me
22728,Female,44,Employed 30+ hours a week,North,I like music but it does not feature heavily in my life
25772,Male,65,Retired from full-time employment (30+ hours per week),South,Music is no longer as important as it used to be to me
39710,Female,33,Employed 8-29 hours per week,Midlands,I like music but it does not feature heavily in my life
45795,Female,15,,South,Music means a lot to me and is a passion of mine
659,Female,17,,Centre,Music means a lot to me and is a passion of mine
19001,Male,48,Employed 30+ hours a week,North,Music is important to me but not necessarily more important
7865,Male,46,,South,Music means a lot to me and is a passion of mine
6495,Male,63,,South,Music is no longer as important as it used to be to me
22716,Male,41,Employed 30+ hours a week,South,Music is important to me but not necessarily more important than other hobbies or interests
33519,Female,63,Retired from full-time employment (30+ hours per week),South,I like music but it does not feature heavily in my life
17881,Female,59,Employed 8-29 hours per week,South,Music is no longer as important as it used to be to me
1081,Female,44,,South,Music is important to me but not necessarily more important
34470,Male,56,Employed 8-29 hours per week,North,I like music but it does not feature heavily in my life
9838,Male,48,,South,Music is important to me but not necessarily more important
45448,Male,30,Employed 30+ hours a week,Midlands,Music is important to me but not necessarily more important
39367,Female,46,Employed 30+ hours a week,South,Music is important to me but not necessarily more important
31448,Male,24,Employed 8-29 hours per week,Midlands,Music means a lot to me and is a passion of mine
25899,Female,15,Full-time student,South,Music is important to me but not necessarily more important
10694,Male,36,,North,Music means a lot to me and is a passion of mine
9649,Female,47,,North,Music is no longer as important as it used to be to me
747,Female,37,,North,Music means a lot to me and is a passion of mine
5009,Male,43,Self-employed,North,I like music but it does not feature heavily in my life
18132,Female,53,Employed 8-29 hours per week,North,Music means a lot to me and is a passion of mine
45522,Female,,,North,Music is important to me but not necessarily more important
47347,Male,14,Full-time student,South,Music means a lot to me and is a passion of mine
20316,Male,37,Employed 30+ hours a week,North,Music means a lot to me and is a passion of mine
18406,Female,49,Temporarily unemployed,Northern Ireland,Music is important to me but not necessarily more important
41921,Female,55,Temporarily unemployed,North,Music means a lot to me and is a passion of mine
44888,Male,48,Self-employed,South,Music means a lot to me and is a passion of mine
468,Female,62,,North,Music is important to me but not necessarily more important
20347,Female,35,Full-time housewife / househusband,North,Music means a lot to me and is a passion of mine
35058,Male,36,Employed 30+ hours a week,North,I like music but it does not feature heavily in my life
12973,Female,22,Full-time student,North,Music is important to me but not necessarily more important
44245,Female,34,Employed 30+ hours a week,South,Music means a lot to me and is a passion of mine
38778,Female,29,Full-time housewife / househusband,North,Music means a lot to me and is a passion of mine
45112,Female,29,Other,South,Music is important to me but not necessarily more important
18215,Female,52,Employed 30+ hours a week,South,Music is important to me but not necessarily more important
46196,Male,56,,North,Music is no longer as important as it used to be to me
410,Female,39,,South,Music is important to me but not necessarily more important
16836,Female,22,Full-time student,South,Music is important to me but not necessarily more important
32934,Female,32,,,Music is important to me but not necessarily more important
7065,Female,25,,Centre,Music means a lot to me and is a passion of mine
33062,Male,43,,,Music is important to me but not necessarily more important
32297,Male,45,,,Music means a lot to me and is a passion of mine
36149,Female,21,Employed 30+ hours a week,South,Music means a lot to me and is a passion of mine
13303,Female,41,Full-time housewife / househusband,South,Music is no longer as important as it used to be to me
8387,Male,49,,North,Music is important to me but not necessarily more important
20453,Male,67,Retired from full-time employment (30+ hours per week),North,I like music but it does not feature heavily in my life
15359,Male,21,,South,Music is important to me but not necessarily more important
18156,Male,20,Full-time student,Midlands,I like music but it does not feature heavily in my life
3263,Female,39,Employed 8-29 hours per week,North,Music means a lot to me and is a passion of mine
6528,Female,31,,South,Music means a lot to me and is a passion of mine
44141,Female,35,Full-time housewife / househusband,South,I like music but it does not feature heavily in my life
24291,Female,20,Employed 8-29 hours per week,Midlands,Music means a lot to me and is a passion of mine
49382,Female,20,Full-time student,North,Music means a lot to me and is a passion of mine
47662,Male,16,Full-time student,South,Music means a lot to me and is a passion of mine
50540,Female,21,Employed 8-29 hours per week,North,Music means a lot to me and is a passion of mine
31917,Male,53,Employed 30+ hours a week,South,I like music but it does not feature heavily in my life
9617,Female,23,,North,Music is important to me but not necessarily more important
20576,Male,15,Full-time student,South,I like music but it does not feature heavily in my life
630,Male,30,,North,Music is important to me but not necessarily more important
4034,Male,20,Full-time student,South,I like music but it does not feature heavily in my life
4648,Male,36,Temporarily unemployed,Midlands,Music means a lot to me and is a passion of mine
42944,Female,19,Full-time student,North,Music is important to me but not necessarily more important
39665,Male,38,Employed 30+ hours a week,North,Music means a lot to me and is a passion of mine
13258,Male,52,Employed 30+ hours a week,North,I like music but it does not feature heavily in my life
18825,Male,39,Employed 30+ hours a week,South,Music is important to me but not necessarily more important
14723,Male,54,,South,Music means a lot to me and is a passion of mine
25554,Male,65,Employed 30+ hours a week,North,Music means a lot to me and is a passion of mine
1318,Male,54,,Centre,I like music but it does not feature heavily in my life
43260,Female,31,Employed 8-29 hours per week,Midlands,Music means a lot to me and is a passion of mine
12362,Female,30,Employed 30+ hours a week,North,I like music but it does not feature heavily in my life
704,Female,18,,Centre,Music is important to me but not necessarily more important
17560,Female,24,Employed 30+ hours a week,Midlands,Music is important to me but not necessarily more important
38168,Male,31,Employed 30+ hours a week,North,Music means a lot to me and is a passion of mine
21800,Female,60,Full-time housewife / househusband,North,Music is no longer as important as it used to be to me
28564,Female,41,Full-time housewife / househusband,South,I like music but it does not feature heavily in my life
50657,Female,26,Employed 30+ hours a week,North,I like music but it does not feature heavily in my life
40591,Male,49,Employed 30+ hours a week,North,Music means a lot to me and is a passion of mine
12400,Female,23,Employed 30+ hours a week,South,Music means a lot to me and is a passion of mine
13133,Female,28,Employed 30+ hours a week,North,Music is important to me but not necessarily more important
21604,Male,24,Employed 8-29 hours per week,North,Music is important to me but not necessarily more important than other hobbies or interests
2575,Male,48,Employed 30+ hours a week,North,Music is important to me but not necessarily more important
8896,Female,14,,South,Music means a lot to me and is a passion of mine
44139,Male,38,Employed 30+ hours a week,Midlands,Music is important to me but not necessarily more important
11968,Female,38,Full-time housewife / househusband,Midlands,Music is no longer as important as it used to be to me
4128,Female,23,Employed 30+ hours a week,Midlands,Music means a lot to me and is a passion of mine
20470,Male,69,In unpaid employment (e.g. voluntary work),South,Music means a lot to me and is a passion of mine
27281,Female,40,Employed 30+ hours a week,Midlands,Music is important to me but not necessarily more important
6493,Male,46,,North,Music is important to me but not necessarily more important
45537,Male,67,,South,Music is important to me but not necessarily more important
39602,Male,25,In unpaid employment (e.g. voluntary work),North,I like music but it does not feature heavily in my life
39251,Female,27,Full-time student,Midlands,Music is important to me but not necessarily more important
15325,Male,35,,South,Music is important to me but not necessarily more important
31470,Male,18,Full-time student,Midlands,Music means a lot to me and is a passion of mine
45039,Female,30,Employed 30+ hours a week,Midlands,Music is important to me but not necessarily more important
34533,Female,55,Full-time housewife / househusband,South,Music is important to me but not necessarily more important
3194,Female,23,Full-time student,Midlands,Music means a lot to me and is a passion of mine
8604,Female,45,,South,Music is important to me but not necessarily more important
435,Male,64,,North,Music means a lot to me and is a passion of mine
39054,Male,44,Employed 30+ hours a week,North,Music means a lot to me and is a passion of mine
14190,Female,44,,Midlands,Music means a lot to me and is a passion of mine
17520,Female,57,Retired from full-time employment (30+ hours per week),North,Music is important to me but not necessarily more important
48179,Male,17,Full-time student,North,Music means a lot to me and is a passion of mine
6613,Male,38,,Centre,Music is important to me but not necessarily more important
24367,Female,15,Employed 8-29 hours per week,South,Music means a lot to me and is a passion of mine
19751,Male,61,Retired from full-time employment (30+ hours per week),North,Music is important to me but not necessarily more important
11112,Male,55,Employed 30+ hours a week,Midlands,Music is important to me but not necessarily more important
32628,Male,40,,,I like music but it does not feature heavily in my life
19867,Female,50,Employed 8-29 hours per week,South,I like music but it does not feature heavily in my life
24558,Female,58,Employed 8-29 hours per week,North,Music is important to me but not necessarily more important than other hobbies or interests
41191,Female,13,Full-time student,North,I like music but it does not feature heavily in my life
36896,Female,24,Full-time housewife / househusband,South,Music means a lot to me and is a passion of mine
42472,Male,38,Employed 30+ hours a week,South,Music means a lot to me and is a passion of mine
37639,Male,18,Full-time student,North,Music means a lot to me and is a passion of mine
41609,Female,20,Full-time student,Midlands,I like music but it does not feature heavily in my life
19196,Female,28,Self-employed,North,Music means a lot to me and is a passion of mine
47674,Male,14,Prefer not to state,South,Music has no particular interest for me
48008,Female,23,Employed 8-29 hours per week,Northern Ireland,Music means a lot to me and is a passion of mine
42946,Female,35,Employed 30+ hours a week,North,Music means a lot to me and is a passion of mine
4298,Male,14,Employed 30+ hours a week,Midlands,Music means a lot to me and is a passion of mine
10836,Female,29,,North,Music means a lot to me and is a passion of mine
13400,Female,39,Employed 30+ hours a week,Midlands,Music is important to me but not necessarily more important
26762,Male,64,Retired from full-time employment (30+ hours per week),North,I like music but it does not feature heavily in my life
34944,Female,35,Employed 8-29 hours per week,North,Music is important to me but not necessarily more important
1340,Male,45,,Centre,I like music but it does not feature heavily in my life
30439,Female,35,Employed 30+ hours a week,South,Music means a lot to me and is a passion of mine
3777,Male,52,Employed 30+ hours a week,North,I like music but it does not feature heavily in my life
29210,Male,46,Other,Midlands,Music is important to me but not necessarily more important than other hobbies or interests
29764,Female,24,Employed 30+ hours a week,South,Music is important to me but not necessarily more important than other hobbies or interests
49808,Male,52,Employed 30+ hours a week,North,Music is important to me but not necessarily more important
19451,Female,15,Full-time student,South,I like music but it does not feature heavily in my life
22622,Female,30,Employed 30+ hours a week,South,Music means a lot to me and is a passion of mine
46535,Female,47,,North,Music means a lot to me and is a passion of mine
45452,Male,38,Temporarily unemployed,Midlands,Music means a lot to me and is a passion of mine
34101,Female,59,Retired from full-time employment (30+ hours per week),North,I like music but it does not feature heavily in my life
33501,Female,18,Full-time student,North,Music means a lot to me and is a passion of mine
18826,Female,56,Employed 8-29 hours per week,South,Music is important to me but not necessarily more important
46683,Female,35,,North,Music means a lot to me and is a passion of mine
44577,Male,55,Employed 30+ hours a week,Midlands,I like music but it does not feature heavily in my life
19757,Female,23,Full-time student,South,Music is important to me but not necessarily more important
50890,Female,38,Other,Midlands,I like music but it does not feature heavily in my life
48236,Male,48,Temporarily unemployed,South,Music means a lot to me and is a passion of mine
12590,Male,64,Retired from full-time employment (30+ hours per week),South,Music is important to me but not necessarily more important
41037,Male,24,Temporarily unemployed,South,Music is important to me but not necessarily more important
39576,Male,32,Employed 8-29 hours per week,Midlands,Music means a lot to me and is a passion of mine
45799,Female,50,,Centre,Music means a lot to me and is a passion of mine
9820,Male,28,,South,Music is important to me but not necessarily more important
23917,Male,43,Employed 30+ hours a week,North,Music means a lot to me and is a passion of mine
28778,Female,56,Temporarily unemployed,North,I like music but it does not feature heavily in my life
43117,Male,57,Retired from full-time employment (30+ hours per week),Midlands,I like music but it does not feature heavily in my life
32504,Female,61,,,I like music but it does not feature heavily in my life
23238,Female,15,Full-time student,South,Music is important to me but not necessarily more important than other hobbies or interests
38966,Male,59,Retired from full-time employment (30+ hours per week),North,Music is important to me but not necessarily more important
42239,Male,55,Self-employed,South,Music is important to me but not necessarily more important
50142,Male,50,Employed 30+ hours a week,North,Music means a lot to me and is a passion of mine
33096,Female,40,,,Music is important to me but not necessarily more important
18075,Male,55,Other,Midlands,I like music but it does not feature heavily in my life
43568,Female,15,Full-time student,North,Music means a lot to me and is a passion of mine
14521,Female,24,,South,Music means a lot to me and is a passion of mine
21165,Male,18,Full-time student,South,Music is important to me but not necessarily more important
2548,Male,64,Other,South,I like music but it does not feature heavily in my life
5662,Female,22,,Centre,Music means a lot to me and is a passion of mine
17287,Female,67,Retired from self-employment,North,I like music but it does not feature heavily in my life
33458,Female,13,Full-time student,Midlands,Music means a lot to me and is a passion of mine
9597,Male,15,,Centre,Music means a lot to me and is a passion of mine
33165,Male,54,,,I like music but it does not feature heavily in my life
49692,Male,55,Employed 30+ hours a week,North,Music means a lot to me and is a passion of mine
31238,Female,53,Full-time housewife / househusband,Northern Ireland,I like music but it does not feature heavily in my life
37440,Male,43,Employed 8-29 hours per week,North,Music means a lot to me and is a passion of mine
13715,Male,14,,South,Music is important to me but not necessarily more important
37055,Male,13,Full-time student,South,Music is important to me but not necessarily more important
7508,Male,18,,North,Music means a lot to me and is a passion of mine
44363,Male,26,Self-employed,South,Music is important to me but not necessarily more important
17861,Male,40,Self-employed,South,Music is important to me but not necessarily more important
35720,Male,48,Employed 30+ hours a week,South,Music means a lot to me and is a passion of mine
30868,Female,29,Full-time housewife / househusband,North,Music means a lot to me and is a passion of mine
19820,Male,23,Employed 30+ hours a week,South,Music means a lot to me and is a passion of mine
43552,Female,15,Employed 30+ hours a week,South,Music means a lot to me and is a passion of mine
48701,Male,49,Employed 30+ hours a week,North,Music is important to me but not necessarily more important
47526,Female,18,Full-time student,Midlands,Music is important to me but not necessarily more important
9358,Female,39,,Centre,Music is important to me but not necessarily more important
8153,Female,62,,Centre,Music is no longer as important as it used to be to me
2436,Male,61,Self-employed,Midlands,Music means a lot to me and is a passion of mine
20751,Male,52,Full-time housewife / househusband,Midlands,I like music but it does not feature heavily in my life
28826,Female,32,Employed 8-29 hours per week,North,I like music but it does not feature heavily in my life
49349,Female,20,Full-time student,Midlands,Music is important to me but not necessarily more important
5628,Male,14,,Centre,Music is important to me but not necessarily more important
47274,Female,44,,Centre,Music means a lot to me and is a passion of mine
9575,Male,71,,South,Music has no particular interest for me
47023,Female,30,,Centre,Music means a lot to me and is a passion of mine
31153,Male,50,Employed 30+ hours a week,South,I like music but it does not feature heavily in my life
29897,Female,51,Temporarily unemployed,South,I like music but it does not feature heavily in my life
6341,Male,43,,North,Music is important to me but not necessarily more important
38167,Female,44,Employed 8-29 hours per week,Midlands,Music is important to me but not necessarily more important
1954,Male,24,Employed 8-29 hours per week,North,Music means a lot to me and is a passion of mine
17764,Female,24,Other,North,I like music but it does not feature heavily in my life
20697,Male,59,Employed 30+ hours a week,Midlands,Music means a lot to me and is a passion of mine
30653,Male,50,Employed 8-29 hours per week,Midlands,Music is important to me but not necessarily more important than other hobbies or interests
2500,Male,40,Employed 30+ hours a week,North,Music means a lot to me and is a passion of mine
503,Female,19,,Centre,Music means a lot to me and is a passion of mine
13056,Female,52,Full-time housewife / househusband,Midlands,I like music but it does not feature heavily in my life
5120,Male,25,Employed part-time less than 8 hours per week,South,Music is important to me but not necessarily more important
17054,Male,24,Employed 30+ hours a week,Midlands,Music is important to me but not necessarily more important
41899,Female,56,Employed 8-29 hours per week,North,Music is important to me but not necessarily more important
10365,Male,28,,Centre,Music is important to me but not necessarily more important
7786,Male,21,,North,Music is important to me but not necessarily more important
41602,Male,23,Employed 30+ hours a week,South,Music means a lot to me and is a passion of mine
37606,Female,52,Full-time housewife / househusband,North,Music is important to me but not necessarily more important
16797,Female,68,Retired from full-time employment (30+ hours per week),South,I like music but it does not feature heavily in my life
34557,Female,44,Employed 30+ hours a week,North,I like music but it does not feature heavily in my life
6282,Male,28,,South,Music is important to me but not necessarily more important
50452,Female,24,Temporarily unemployed,Midlands,Music is important to me but not necessarily more important
5664,Female,74,,South,Music is important to me but not necessarily more important
23696,Female,48,Employed 30+ hours a week,Midlands,I like music but it does not feature heavily in my life
39626,Female,32,Employed 8-29 hours per week,Midlands,I like music but it does not feature heavily in my life
38662,Female,13,Full-time student,Midlands,Music means a lot to me and is a passion of mine
16487,Female,60,,South,Music means a lot to me and is a passion of mine
47410,Female,65,Full-time housewife / househusband,Midlands,Music is important to me but not necessarily more important
44847,Female,24,Employed 30+ hours a week,Midlands,Music has no particular interest for me
19759,Female,57,Retired from full-time employment (30+ hours per week),North,Music means a lot to me and is a passion of mine
12912,Male,32,Employed 30+ hours a week,North,Music means a lot to me and is a passion of mine
14188,Male,60,,Northern Ireland,Music is important to me but not necessarily more important
19158,Male,33,Employed 30+ hours a week,North,Music means a lot to me and is a passion of mine
47221,Female,24,,North,Music means a lot to me and is a passion of mine
39973,Female,30,Employed 8-29 hours per week,North,I like music but it does not feature heavily in my life
14587,Female,57,,North,I like music but it does not feature heavily in my life
18205,Female,20,Temporarily unemployed,Midlands,Music is important to me but not necessarily more important
37822,Male,43,Employed 30+ hours a week,North,Music is important to me but not necessarily more important
2394,Male,26,Full-time housewife / househusband,Midlands,Music means a lot to me and is a passion of mine
20081,Female,48,Employed part-time less than 8 hours per week,South,Music is important to me but not necessarily more important
8566,Male,35,,North,Music means a lot to me and is a passion of mine
36746,Male,16,Full-time student,South,I like music but it does not feature heavily in my life
2055,Female,50,Employed 30+ hours a week,South,I like music but it does not feature heavily in my life
13148,Female,48,Employed 8-29 hours per week,South,Music means a lot to me and is a passion of mine
4042,Male,39,Employed 30+ hours a week,North,Music is important to me but not necessarily more important
29104,Female,51,Temporarily unemployed,Midlands,Music has no particular interest for me
30904,Female,76,Retired from full-time employment (30+ hours per week),South,I like music but it does not feature heavily in my life
8969,Female,16,,South,Music means a lot to me and is a passion of mine
8465,Female,40,,North,I like music but it does not feature heavily in my life
32786,Male,51,,,I like music but it does not feature heavily in my life
5624,Female,72,,South,I like music but it does not feature heavily in my life
3697,Male,39,Self-employed,Midlands,Music is important to me but not necessarily more important
8894,Female,13,,Centre,I like music but it does not feature heavily in my life
48537,Female,52,Employed 30+ hours a week,Midlands,Music is important to me but not necessarily more important
31303,Female,58,Employed 30+ hours a week,North,I like music but it does not feature heavily in my life
33366,Male,14,Other,South,Music means a lot to me and is a passion of mine
12127,Female,37,Employed 30+ hours a week,North,Music means a lot to me and is a passion of mine
15780,Female,44,,South,Music is important to me but not necessarily more important
19363,Female,15,Full-time student,North,Music is important to me but not necessarily more important
25250,Male,42,Prefer not to state,South,I like music but it does not feature heavily in my life
8505,Male,36,,Centre,Music is important to me but not necessarily more important
40772,Male,39,Employed 30+ hours a week,North,I like music but it does not feature heavily in my life
38694,Female,40,Self-employed,North,Music is important to me but not necessarily more important
23128,Female,22,Full-time housewife / househusband,Midlands,Music is important to me but not necessarily more important than other hobbies or interests
46215,Male,46,,North,I like music but it does not feature heavily in my life
49001,Female,32,Employed 30+ hours a week,Midlands,I like music but it does not feature heavily in my life
36130,Female,75,Retired from full-time employment (30+ hours per week),South,I like music but it does not feature heavily in my life
9414,Male,30,,Centre,Music is important to me but not necessarily more important
9211,Male,52,,South,Music is no longer as important as it used to be to me
35304,Male,21,Full-time student,Midlands,Music means a lot to me and is a passion of mine
19720,Male,60,Employed 30+ hours a week,Midlands,Music means a lot to me and is a passion of mine
31183,Female,60,Retired from full-time employment (30+ hours per week),South,Music is no longer as important as it used to be to me
31626,Male,41,Employed 30+ hours a week,Midlands,I like music but it does not feature heavily in my life
20304,Male,41,Employed 30+ hours a week,North,Music means a lot to me and is a passion of mine
33924,Female,35,Employed 30+ hours a week,South,Music means a lot to me and is a passion of mine
37220,Male,17,Full-time student,Midlands,Music means a lot to me and is a passion of mine
29641,Male,65,Retired from self-employment,Midlands,Music is important to me but not necessarily more important than other hobbies or interests
41436,Female,53,Employed 30+ hours a week,South,I like music but it does not feature heavily in my life
30444,Female,59,Self-employed,South,Music is important to me but not necessarily more important than other hobbies or interests
12467,Male,53,Employed 30+ hours a week,Midlands,I like music but it does not feature heavily in my life
38595,Female,18,Full-time student,Midlands,Music means a lot to me and is a passion of mine
49714,Male,40,Employed 30+ hours a week,Midlands,I like music but it does not feature heavily in my life
937,Male,36,,North,Music means a lot to me and is a passion of mine
43379,Male,70,Retired from full-time employment (30+ hours per week),North,I like music but it does not feature heavily in my life
35663,Male,52,Employed 30+ hours a week,South,Music is important to me but not necessarily more important
18254,Male,55,Self-employed,North,I like music but it does not feature heavily in my life
272,Female,23,,Centre,Music is important to me but not necessarily more important
41726,Male,60,Retired from full-time employment (30+ hours per week),North,Music is important to me but not necessarily more important
41816,Female,24,Employed 30+ hours a week,North,I like music but it does not feature heavily in my life
12033,Male,43,Employed 30+ hours a week,Midlands,Music is no longer as important as it used to be to me
27106,Female,45,Employed part-time less than 8 hours per week,South,I like music but it does not feature heavily in my life
35558,Male,55,Employed 30+ hours a week,Northern Ireland,Music has no particular interest for me
31801,Female,31,Employed 30+ hours a week,Midlands,Music means a lot to me and is a passion of mine
35972,Male,33,Full-time housewife / househusband,North,Music has no particular interest for me
20544,Female,20,Full-time student,Midlands,I like music but it does not feature heavily in my life
8593,Female,50,,South,Music is important to me but not necessarily more important
22241,Female,40,Self-employed,Midlands,Music is important to me but not necessarily more important than other hobbies or interests
41137,Female,22,Employed 8-29 hours per week,North,I like music but it does not feature heavily in my life
48794,Male,27,Temporarily unemployed,Midlands,Music is important to me but not necessarily more important
17579,Male,18,Full-time student,Midlands,Music means a lot to me and is a passion of mine
19821,Male,63,Retired from full-time employment (30+ hours per week),South,Music means a lot to me and is a passion of mine
17010,Female,23,Employed 8-29 hours per week,North,Music means a lot to me and is a passion of mine
35430,Male,45,Employed 30+ hours a week,North,Music means a lot to me and is a passion of mine
4702,Female,29,Employed 30+ hours a week,North,Music means a lot to me and is a passion of mine
47455,Female,14,Full-time student,Midlands,Music means a lot to me and is a passion of mine
35076,Male,26,Employed 30+ hours a week,North,Music means a lot to me and is a passion of mine
33868,Female,29,Employed 30+ hours a week,South,Music is important to me but not necessarily more important
31557,Male,51,Temporarily unemployed,North,Music means a lot to me and is a passion of mine
31294,Female,18,Full-time student,North,Music is important to me but not necessarily more important than other hobbies or interests
3530,Male,44,Self-employed,Midlands,Music is important to me but not necessarily more important
17085,Male,17,Full-time student,North,Music is important to me but not necessarily more important
33989,Male,47,Employed 30+ hours a week,North,Music is important to me but not necessarily more important
26016,Female,49,Employed 30+ hours a week,South,Music is important to me but not necessarily more important
17715,Male,23,Employed 30+ hours a week,South,Music is important to me but not necessarily more important
6807,Female,34,,South,Music is important to me but not necessarily more important
33487,Female,13,Full-time student,North,Music means a lot to me and is a passion of mine
17709,Male,16,Full-time student,North,Music means a lot to me and is a passion of mine
7722,Female,21,,South,Music is important to me but not necessarily more important
23455,Male,55,Other,South,Music means a lot to me and is a passion of mine
8418,Female,48,,North,I like music but it does not feature heavily in my life
42948,Female,,Temporarily unemployed,South,Music is important to me but not necessarily more important
757,Male,24,,South,Music means a lot to me and is a passion of mine
4044,Male,20,Full-time student,North,Music is important to me but not necessarily more important
29799,Female,54,Employed 30+ hours a week,South,Music is important to me but not necessarily more important than other hobbies or interests
26076,Female,61,Retired from full-time employment (30+ hours per week),South,Music is important to me but not necessarily more important
9373,Female,46,,North,I like music but it does not feature heavily in my life
10453,Male,22,,South,Music is important to me but not necessarily more important
26402,Male,44,In unpaid employment (e.g. voluntary work),North,Music means a lot to me and is a passion of mine
48122,Male,54,Employed 30+ hours a week,South,Music means a lot to me and is a passion of mine
35698,Male,56,Employed 30+ hours a week,North,Music has no particular interest for me
5853,Male,17,,South,Music means a lot to me and is a passion of mine
14518,Male,61,,Midlands,Music is important to me but not necessarily more important
39366,Female,38,Employed 30+ hours a week,North,I like music but it does not feature heavily in my life
1076,Female,54,,South,Music means a lot to me and is a passion of mine
15044,Male,61,,Midlands,I like music but it does not feature heavily in my life
34708,Male,48,Employed 8-29 hours per week,Midlands,I like music but it does not feature heavily in my life
20038,Male,38,Employed 30+ hours a week,North,Music means a lot to me and is a passion of mine
13213,Male,28,Employed 30+ hours a week,South,Music is important to me but not necessarily more important
11853,Female,,Temporarily unemployed,Midlands,I like music but it does not feature heavily in my life
25715,Female,14,Full-time student,North,I like music but it does not feature heavily in my life
39537,Male,36,Employed 30+ hours a week,Midlands,I like music but it does not feature heavily in my life
10369,Female,72,,Centre,I like music but it does not feature heavily in my life
3106,Female,41,Other,Midlands,Music has no particular interest for me
33826,Female,52,Employed 8-29 hours per week,South,Music is important to me but not necessarily more important
1423,Male,43,,Centre,I like music but it does not feature heavily in my life
10990,Male,32,,South,Music means a lot to me and is a passion of mine
16099,Female,25,,South,Music means a lot to me and is a passion of mine
21089,Male,40,Self-employed,North,Music means a lot to me and is a passion of mine
25719,Female,14,Full-time student,Midlands,Music is important to me but not necessarily more important
26119,Female,46,Full-time housewife / househusband,Midlands,Music means a lot to me and is a passion of mine
48618,Female,39,Full-time housewife / househusband,North,Music is important to me but not necessarily more important
12366,Female,28,Full-time student,North,I like music but it does not feature heavily in my life
32555,Male,63,,,I like music but it does not feature heavily in my life
5709,Male,14,,Centre,Music is important to me but not necessarily more important
15469,Female,56,,South,Music is important to me but not necessarily more important
30156,Female,63,Retired from full-time employment (30+ hours per week),North,Music is important to me but not necessarily more important than other hobbies or interests
240,Male,17,,South,Music is important to me but not necessarily more important
20043,Female,30,In unpaid employment (e.g. voluntary work),South,Music is important to me but not necessarily more important
21687,Male,24,Full-time student,North,Music is important to me but not necessarily more important than other hobbies or interests
33783,Female,41,Employed 30+ hours a week,North,Music means a lot to me and is a passion of mine
32053,Male,31,Employed 30+ hours a week,South,Music means a lot to me and is a passion of mine
34013,Male,17,Full-time student,North,Music means a lot to me and is a passion of mine
8590,Female,33,,North,Music means a lot to me and is a passion of mine
19532,Female,19,Full-time student,Midlands,Music is important to me but not necessarily more important
45459,Male,29,Employed 30+ hours a week,Midlands,Music means a lot to me and is a passion of mine
19564,Male,61,Employed 30+ hours a week,North,Music has no particular interest for me
37446,Male,46,Employed 30+ hours a week,North,I like music but it does not feature heavily in my life
39110,Female,44,Employed 30+ hours a week,Midlands,Music has no particular interest for me
18095,Male,60,Retired from full-time employment (30+ hours per week),South,Music is important to me but not necessarily more important
39696,Male,39,Employed 30+ hours a week,North,Music means a lot to me and is a passion of mine
11530,Female,,Full-time housewife / househusband,North,Music is no longer as important as it used to be to me
38624,Female,54,Employed 30+ hours a week,North,I like music but it does not feature heavily in my life
37694,Male,20,Full-time student,Midlands,Music is important to me but not necessarily more important
7998,Male,44,,South,Music is important to me but not necessarily more important
5871,Female,20,,South,I like music but it does not feature heavily in my life
49031,Male,32,Employed 30+ hours a week,North,Music means a lot to me and is a passion of mine
9494,Female,55,,Centre,Music is important to me but not necessarily more important
20672,Male,61,Retired from full-time employment (30+ hours per week),South,Music is important to me but not necessarily more important
16274,Male,34,,Midlands,Music means a lot to me and is a passion of mine
40132,Male,78,Retired from self-employment,Midlands,I like music but it does not feature heavily in my life
46241,Male,62,,South,Music means a lot to me and is a passion of mine
7531,Female,21,,North,Music means a lot to me and is a passion of mine
45767,Male,54,,South,Music is important to me but not necessarily more important
49657,Male,41,Employed 30+ hours a week,South,Music is important to me but not necessarily more important
694,Male,53,,North,Music is important to me but not necessarily more important
36217,Female,65,Retired from full-time employment (30+ hours per week),Midlands,I like music but it does not feature heavily in my life
12612,Female,37,Employed 30+ hours a week,South,Music is important to me but not necessarily more important
37901,Female,33,Employed 30+ hours a week,North,Music means a lot to me and is a passion of mine
17561,Female,20,Full-time student,Midlands,I like music but it does not feature heavily in my life
42807,Female,13,Full-time student,South,Music means a lot to me and is a passion of mine
42647,Female,44,Employed 30+ hours a week,North,Music is no longer as important as it used to be to me
18617,Male,29,Employed 30+ hours a week,South,Music means a lot to me and is a passion of mine
14575,Male,47,,Midlands,I like music but it does not feature heavily in my life
6049,Female,21,,South,Music means a lot to me and is a passion of mine
44031,Female,53,Employed 30+ hours a week,North,Music means a lot to me and is a passion of mine
5367,Female,30,Employed 30+ hours a week,North,I like music but it does not feature heavily in my life
5718,Male,13,,Centre,Music is important to me but not necessarily more important
25786,Female,24,Full-time housewife / househusband,North,Music means a lot to me and is a passion of mine
39081,Male,15,Full-time student,South,Music is important to me but not necessarily more important
7216,Female,48,,South,Music is important to me but not necessarily more important
45490,Male,22,Temporarily unemployed,North,Music means a lot to me and is a passion of mine
8315,Male,52,,North,I like music but it does not feature heavily in my life
50617,Female,31,Employed 30+ hours a week,South,Music is important to me but not necessarily more important
2423,Female,,Retired from full-time employment (30+ hours per week),South,I like music but it does not feature heavily in my life
16943,Female,79,Retired from full-time employment (30+ hours per week),North,Music is important to me but not necessarily more important
41869,Female,53,Other,North,Music is important to me but not necessarily more important
11133,Female,21,Temporarily unemployed,Midlands,Music means a lot to me and is a passion of mine
7034,Female,52,,North,Music is important to me but not necessarily more important
25750,Male,69,Retired from self-employment,South,Music has no particular interest for me
50428,Female,20,Full-time student,Midlands,I like music but it does not feature heavily in my life
46431,Female,23,,Centre,Music is important to me but not necessarily more important
19454,Female,13,Full-time student,North,Music is important to me but not necessarily more important
36975,Female,24,Employed 30+ hours a week,North,I like music but it does not feature heavily in my life
13663,Male,68,,South,Music is important to me but not necessarily more important
46041,Female,55,,Centre,Music is important to me but not necessarily more important
31603,Male,36,Employed 30+ hours a week,North,Music is important to me but not necessarily more important than other hobbies or interests
684,Female,23,,South,Music is important to me but not necessarily more important
19909,Female,48,Employed 30+ hours a week,Northern Ireland,I like music but it does not feature heavily in my life
41603,Male,38,Employed 30+ hours a week,South,Music is important to me but not necessarily more important
10265,Female,33,,North,Music is important to me but not necessarily more important
3254,Male,53,Employed 30+ hours a week,North,Music has no particular interest for me
8723,Female,33,,North,Music means a lot to me and is a passion of mine
18854,Male,40,Employed 30+ hours a week,Midlands,Music is important to me but not necessarily more important
2218,Male,18,Full-time student,South,Music is important to me but not necessarily more important
13218,Male,35,Self-employed,South,I like music but it does not feature heavily in my life
247,Female,22,,Centre,I like music but it does not feature heavily in my life
14424,Male,22,,South,Music means a lot to me and is a passion of mine
11754,Female,49,Employed 8-29 hours per week,South,Music is no longer as important as it used to be to me
31736,Male,15,Full-time student,North,Music is important to me but not necessarily more important than other hobbies or interests
10557,Male,62,,South,Music means a lot to me and is a passion of mine
5645,Female,15,,South,Music means a lot to me and is a passion of mine
45445,Male,36,Employed 30+ hours a week,North,Music is important to me but not necessarily more important
41041,Male,73,Other,South,I like music but it does not feature heavily in my life
12259,Male,24,Employed 30+ hours a week,North,I like music but it does not feature heavily in my life
37341,Male,44,Employed 30+ hours a week,South,Music is important to me but not necessarily more important
18565,Female,62,Retired from full-time employment (30+ hours per week),Midlands,Music means a lot to me and is a passion of mine
17139,Female,70,Retired from full-time employment (30+ hours per week),South,Music is no longer as important as it used to be to me
15060,Male,56,,Midlands,Music is important to me but not necessarily more important
9870,Male,48,,South,Music is important to me but not necessarily more important
13341,Male,32,Employed 30+ hours a week,South,Music means a lot to me and is a passion of mine
48932,Female,54,In unpaid employment (e.g. voluntary work),North,Music means a lot to me and is a passion of mine
37353,Female,50,Employed 30+ hours a week,Midlands,I like music but it does not feature heavily in my life
26843,Female,40,Employed 30+ hours a week,North,Music is important to me but not necessarily more important
25558,Female,18,Full-time student,South,Music is important to me but not necessarily more important
26033,Female,20,Full-time student,North,Music means a lot to me and is a passion of mine
36046,Male,30,Employed 30+ hours a week,North,Music is important to me but not necessarily more important
4070,Male,67,Employed 8-29 hours per week,Midlands,Music is important to me but not necessarily more important
19144,Female,33,Employed 8-29 hours per week,Midlands,Music means a lot to me and is a passion of mine
9884,Male,50,,South,Music is important to me but not necessarily more important
3622,Male,53,Employed 30+ hours a week,South,Music means a lot to me and is a passion of mine
48352,Male,54,Employed 30+ hours a week,South,Music is important to me but not necessarily more important
35653,Male,48,Employed 30+ hours a week,Midlands,Music is important to me but not necessarily more important
36825,Female,18,Full-time student,Midlands,Music is important to me but not necessarily more important
33187,Female,14,,,Music means a lot to me and is a passion of mine
9661,Female,20,,Centre,Music means a lot to me and is a passion of mine
2356,Female,43,Employed 8-29 hours per week,North,I like music but it does not feature heavily in my life
19604,Female,32,Full-time housewife / househusband,North,Music is important to me but not necessarily more important
19770,Male,62,Self-employed,South,Music is important to me but not necessarily more important
23087,Female,68,Retired from full-time employment (30+ hours per week),North,Music is important to me but not necessarily more important than other hobbies or interests
37831,Male,59,Other,North,I like music but it does not feature heavily in my life
14464,Male,20,,Midlands,Music is important to me but not necessarily more important
24485,Female,53,Employed 30+ hours a week,South,I like music but it does not feature heavily in my life
16368,Female,30,,South,I like music but it does not feature heavily in my life
38193,Male,47,Employed 30+ hours a week,Midlands,Music means a lot to me and is a passion of mine
34700,Male,49,Temporarily unemployed,North,Music means a lot to me and is a passion of mine
47447,Female,68,Retired from full-time employment (30+ hours per week),North,Music is important to me but not necessarily more important
33723,Male,45,Other,Midlands,Music is important to me but not necessarily more important
46108,Female,44,,South,I like music but it does not feature heavily in my life
42614,Female,42,Temporarily unemployed,Midlands,Music is important to me but not necessarily more important
33053,Male,43,,,Music is important to me but not necessarily more important
9412,Male,33,,Centre,Music means a lot to me and is a passion of mine
38003,Female,46,Full-time housewife / househusband,South,Music means a lot to me and is a passion of mine
33279,Male,67,Retired from self-employment,Midlands,Music means a lot to me and is a passion of mine
17164,Male,15,Full-time student,North,Music is important to me but not necessarily more important
26353,Male,16,Prefer not to state,North,Music means a lot to me and is a passion of mine
44655,Female,28,Employed 8-29 hours per week,Midlands,Music means a lot to me and is a passion of mine
5834,Female,17,,Centre,Music is important to me but not necessarily more important
33066,Female,25,,,Music means a lot to me and is a passion of mine
12105,Male,54,Employed 30+ hours a week,North,Music means a lot to me and is a passion of mine
21864,Male,63,Retired from self-employment,Midlands,I like music but it does not feature heavily in my life
10225,Female,30,,South,Music is important to me but not necessarily more important
15034,Female,61,,North,I like music but it does not feature heavily in my life
45715,Female,14,,South,Music means a lot to me and is a passion of mine
44785,Female,51,Employed 30+ hours a week,North,Music is important to me but not necessarily more important
29409,Male,27,Full-time student,South,Music is important to me but not necessarily more important than other hobbies or interests
27542,Female,27,Employed 30+ hours a week,North,Music means a lot to me and is a passion of mine
17848,Female,35,Employed part-time less than 8 hours per week,South,Music means a lot to me and is a passion of mine
23393,Female,37,Full-time housewife / househusband,South,Music is important to me but not necessarily more important than other hobbies or interests
47388,Female,67,Retired from full-time employment (30+ hours per week),Midlands,I like music but it does not feature heavily in my life
7360,Female,49,,Centre,I like music but it does not feature heavily in my life
8025,Male,51,,Centre,I like music but it does not feature heavily in my life
5700,Female,45,,North,Music means a lot to me and is a passion of mine
12989,Female,65,Retired from full-time employment (30+ hours per week),Midlands,Music is important to me but not necessarily more important
23473,Female,46,Self-employed,South,I like music but it does not feature heavily in my life
4819,Male,59,Employed 30+ hours a week,South,Music means a lot to me and is a passion of mine
40956,Female,70,Retired from full-time employment (30+ hours per week),Midlands,I like music but it does not feature heavily in my life
29238,Male,19,Temporarily unemployed,South,Music means a lot to me and is a passion of mine
44299,Female,58,Full-time housewife / househusband,North,Music is important to me but not necessarily more important
41886,Male,59,Self-employed,South,I like music but it does not feature heavily in my life
7078,Female,45,,North Ireland,Music is important to me but not necessarily more important
37192,Female,50,Employed 30+ hours a week,South,I like music but it does not feature heavily in my life
21426,Female,68,Retired from full-time employment (30+ hours per week),Midlands,I like music but it does not feature heavily in my life
47651,Male,23,Employed 30+ hours a week,North,I like music but it does not feature heavily in my life
387,Female,33,,North,Music is important to me but not necessarily more important
8445,Female,,,Centre,Music means a lot to me and is a passion of mine
29898,Female,31,Employed 30+ hours a week,North,Music is no longer as important as it used to be to me
40393,Female,23,Employed part-time less than 8 hours per week,North,Music is important to me but not necessarily more important
20136,Male,44,Employed 30+ hours a week,North,Music means a lot to me and is a passion of mine
46017,Male,43,,Centre,Music is no longer as important as it used to be to me
11979,Male,64,Employed 30+ hours a week,North,Music means a lot to me and is a passion of mine
39760,Female,62,Retired from full-time employment (30+ hours per week),Midlands,Music is important to me but not necessarily more important
9592,Male,15,,South,Music is important to me but not necessarily more important
33323,Male,68,Retired from full-time employment (30+ hours per week),North,Music is important to me but not necessarily more important
3257,Female,55,Employed 30+ hours a week,Midlands,Music is important to me but not necessarily more important
36556,Female,56,Employed 30+ hours a week,Midlands,I like music but it does not feature heavily in my life
40168,Male,24,Temporarily unemployed,North,Music means a lot to me and is a passion of mine
47170,Female,21,,South,Music is important to me but not necessarily more important
31129,Male,27,Employed 30+ hours a week,North,Music means a lot to me and is a passion of mine
27802,Male,21,Full-time student,North,Music is important to me but not necessarily more important than other hobbies or interests
8841,Female,29,,Centre,Music means a lot to me and is a passion of mine
18442,Female,48,Employed 30+ hours a week,South,Music is important to me but not necessarily more important
5657,Female,70,,North,Music is important to me but not necessarily more important
27238,Male,55,Employed 30+ hours a week,Midlands,Music is important to me but not necessarily more important
30587,Female,26,Temporarily unemployed,North,Music means a lot to me and is a passion of mine
41174,Male,20,Full-time student,Midlands,Music means a lot to me and is a passion of mine
10652,Male,50,,South,Music is important to me but not necessarily more important
20137,Male,45,Temporarily unemployed,North,I like music but it does not feature heavily in my life
18948,Male,62,Retired from full-time employment (30+ hours per week),Midlands,Music is important to me but not necessarily more important
17800,Male,35,Employed 30+ hours a week,Midlands,Music is important to me but not necessarily more important
25278,Male,60,Employed 30+ hours a week,Midlands,Music is important to me but not necessarily more important than other hobbies or interests
47910,Male,27,Employed part-time less than 8 hours per week,Midlands,Music is important to me but not necessarily more important
39975,Female,34,Employed 30+ hours a week,North,I like music but it does not feature heavily in my life
49275,Female,15,Full-time student,North,Music means a lot to me and is a passion of mine
10743,Female,56,,South,I like music but it does not feature heavily in my life
28090,Female,14,Full-time student,North,Music is important to me but not necessarily more important than other hobbies or interests
36225,Female,15,Full-time student,North,Music means a lot to me and is a passion of mine
19084,Male,54,Other,Midlands,Music is no longer as important as it used to be to me
42062,Female,37,Employed 8-29 hours per week,South,Music is important to me but not necessarily more important
7653,Male,13,,Centre,Music is important to me but not necessarily more important
44736,Female,32,Employed 30+ hours a week,Midlands,Music is important to me but not necessarily more important
46451,Male,50,,North,I like music but it does not feature heavily in my life
44177,Male,,Part-time student,South,I like music but it does not feature heavily in my life
10339,Male,,,Centre,Music is important to me but not necessarily more important
20723,Female,50,Employed 8-29 hours per week,South,Music is important to me but not necessarily more important
19057,Male,29,Temporarily unemployed,Midlands,I like music but it does not feature heavily in my life
18322,Female,30,Employed 30+ hours a week,South,Music means a lot to me and is a passion of mine
511,Female,19,,Centre,I like music but it does not feature heavily in my life
31882,Female,21,Full-time student,North,Music is important to me but not necessarily more important than other hobbies or interests
4622,Female,36,Full-time housewife / househusband,South,Music is important to me but not necessarily more important
561,Male,59,,Centre,Music means a lot to me and is a passion of mine
17033,Male,23,Employed 8-29 hours per week,Midlands,Music means a lot to me and is a passion of mine
1777,Female,43,,Centre,Music is important to me but not necessarily more important
3321,Female,33,Employed 30+ hours a week,South,Music is important to me but not necessarily more important
46835,Female,28,,North,I like music but it does not feature heavily in my life
15855,Male,50,,South,Music is important to me but not necessarily more important
44390,Male,63,Retired from full-time employment (30+ hours per week),North,Music has no particular interest for me
49512,Male,55,Employed 8-29 hours per week,North,I like music but it does not feature heavily in my life
7730,Male,17,,South,Music means a lot to me and is a passion of mine
15565,Male,30,,Midlands,Music means a lot to me and is a passion of mine
4101,Male,70,Retired from full-time employment (30+ hours per week),Midlands,I like music but it does not feature heavily in my life
50880,Female,45,Employed 8-29 hours per week,North,I like music but it does not feature heavily in my life
21005,Male,37,Employed 30+ hours a week,Midlands,Music means a lot to me and is a passion of mine
48110,Female,50,Full-time housewife / househusband,North,I like music but it does not feature heavily in my life
29181,Male,46,Employed 30+ hours a week,North,Music means a lot to me and is a passion of mine
8592,Female,39,,Centre,Music is important to me but not necessarily more important
18944,Male,48,Employed 30+ hours a week,North,Music means a lot to me and is a passion of mine
26344,Male,48,Employed 30+ hours a week,North,Music means a lot to me and is a passion of mine
20881,Female,38,Employed 8-29 hours per week,Midlands,Music is important to me but not necessarily more important
39904,Male,31,Temporarily unemployed,Midlands,Music is important to me but not necessarily more important
6554,Male,62,,Centre,Music means a lot to me and is a passion of mine
6410,Female,62,,North,Music has no particular interest for me
32385,Male,52,,,Music is important to me but not necessarily more important
28072,Female,13,Full-time student,South,Music means a lot to me and is a passion of mine
46506,Female,46,,Centre,Music is important to me but not necessarily more important
39083,Female,14,Full-time student,South,Music is important to me but not necessarily more important
4176,Male,15,Full-time student,Midlands,Music is important to me but not necessarily more important
43867,Female,27,Employed 8-29 hours per week,South,I like music but it does not feature heavily in my life
41687,Male,20,Employed 8-29 hours per week,South,Music is important to me but not necessarily more important
20663,Female,,Full-time housewife / househusband,Midlands,Music is important to me but not necessarily more important
25507,Male,68,Retired from full-time employment (30+ hours per week),South,I like music but it does not feature heavily in my life
15532,Male,33,,Midlands,Music is important to me but not necessarily more important
39918,Male,50,Employed 30+ hours a week,North,Music is important to me but not necessarily more important
41970,Male,58,Employed 30+ hours a week,Midlands,Music is important to me but not necessarily more important
23718,Male,40,Employed 30+ hours a week,North,Music is important to me but not necessarily more important than other hobbies or interests
14010,Female,39,,North,Music is important to me but not necessarily more important
39140,Male,21,Full-time student,South,Music means a lot to me and is a passion of mine
35455,Female,47,Employed 30+ hours a week,South,Music is important to me but not necessarily more important
15406,Female,63,,Midlands,Music is important to me but not necessarily more important
36603,Female,60,Retired from full-time employment (30+ hours per week),Midlands,Music is important to me but not necessarily more important
34911,Male,24,Employed 30+ hours a week,North,Music means a lot to me and is a passion of mine
35758,Male,38,Employed 30+ hours a week,North,Music is no longer as important as it used to be to me
2798,Female,58,Employed 30+ hours a week,Midlands,Music is important to me but not necessarily more important
18012,Female,23,Full-time housewife / househusband,Midlands,Music is important to me but not necessarily more important
19005,Female,39,Employed 30+ hours a week,Midlands,Music is important to me but not necessarily more important
17871,Female,40,Employed 8-29 hours per week,North,Music means a lot to me and is a passion of mine
36656,Female,61,Retired from full-time employment (30+ hours per week),North,Music means a lot to me and is a passion of mine
4919,Female,26,Self-employed,South,I like music but it does not feature heavily in my life
12097,Male,41,Employed 30+ hours a week,Midlands,Music is important to me but not necessarily more important
32060,Female,65,Retired from self-employment,South,Music means a lot to me and is a passion of mine
28288,Male,59,Employed 8-29 hours per week,Midlands,Music is important to me but not necessarily more important than other hobbies or interests
24489,Female,48,Employed 8-29 hours per week,North,I like music but it does not feature heavily in my life
43231,Female,29,Employed 30+ hours a week,North,Music is important to me but not necessarily more important
34996,Female,41,Employed 30+ hours a week,Midlands,I like music but it does not feature heavily in my life
48686,Female,53,Employed 30+ hours a week,Northern Ireland,I like music but it does not feature heavily in my life
30647,Male,28,Employed 30+ hours a week,South,Music means a lot to me and is a passion of mine
7621,Female,13,,South,Music is important to me but not necessarily more important
48118,Male,46,Full-time housewife / househusband,Midlands,Music is important to me but not necessarily more important
46708,Female,27,,North,I like music but it does not feature heavily in my life
27769,Female,75,Retired from full-time employment (30+ hours per week),South,I like music but it does not feature heavily in my life
37701,Female,49,Employed 8-29 hours per week,North,I like music but it does not feature heavily in my life
14458,Female,26,,North,Music is important to me but not necessarily more important
48082,Female,37,Employed 30+ hours a week,North,Music means a lot to me and is a passion of mine
35400,Male,51,Employed 30+ hours a week,North,I like music but it does not feature heavily in my life
45754,Male,69,,South,Music means a lot to me and is a passion of mine
21844,Female,40,Employed 30+ hours a week,North,Music means a lot to me and is a passion of mine
40759,Male,64,Employed 30+ hours a week,North,Music is important to me but not necessarily more important
11411,Male,23,Full-time student,Midlands,Music is important to me but not necessarily more important
18218,Male,36,Employed 30+ hours a week,South,Music is important to me but not necessarily more important
23045,Female,33,Full-time housewife / househusband,Midlands,Music is important to me but not necessarily more important than other hobbies or interests
32248,Female,13,,,Music is important to me but not necessarily more important
33245,Female,46,Employed 30+ hours a week,North,I like music but it does not feature heavily in my life
18253,Female,31,Employed 30+ hours a week,South,Music is important to me but not necessarily more important
18342,Male,60,Other,Midlands,Music is important to me but not necessarily more important
44969,Male,54,Retired from full-time employment (30+ hours per week),South,Music is important to me but not necessarily more important
20307,Female,47,Other,North,Music is important to me but not necessarily more important
